{
  "demo": "01-branch-prediction",
  "title": "Sorted vs unsorted branch prediction",
  "machine": {
    "cpu": "AMD Ryzen 7 3800X 8-Core Processor",
    "cores_physical": 8,
    "cores_logical": 8,
    "smt_enabled": false,
    "ram_gb": 31,
    "ram_speed_mhz": null,
    "compiler": "gcc (Ubuntu 13.3.0-6ubuntu2~24.04.1) 13.3.0",
    "kernel": "6.8.0-111-generic",
    "governor": "performance",
    "turbo": false,
    "isolated_cpus": "1-7",
    "isolated_cpus_requested": "0-7",
    "isolated_cpus_effective": "1-7",
    "isolated_cpus_source": "cmdline+probe",
    "cpu_affinity": "4-7",
    "lscpu_extended": "CPU NODE SOCKET CORE L1d:L1i:L2:L3 ONLINE    MAXMHZ    MINMHZ       MHZ\n  0    0      0    0 0:0:0:0          yes 4560.0552 2200.0000 3899.8579\n  1    0      0    1 1:1:1:0          yes 4560.0552 2200.0000 3900.0000\n  2    0      0    2 2:2:2:0          yes 4560.0552 2200.0000 3900.0000\n  3    0      0    3 3:3:3:0          yes 4560.0552 2200.0000 3900.0000\n  4    0      0    4 4:4:4:1          yes 4560.0552 2200.0000 3900.0000\n  5    0      0    5 5:5:5:1          yes 4560.0552 2200.0000 3900.0000\n  6    0      0    6 6:6:6:1          yes 4560.0552 2200.0000 3900.0000\n  7    0      0    7 7:7:7:1          yes 4560.0552 2200.0000 3900.0000"
  },
  "captured_at": "2026-05-18T05:41:18Z",
  "runs": [
    {
      "variant": "branchless",
      "n": 1024,
      "iterations": 33394,
      "ns_per_op": {
        "median": 20.4309,
        "min": 20.3986,
        "p99": 20.4784,
        "iqr": 0.028402
      },
      "ops_per_sec": 48948582,
      "branch_misses_per_op": 0.0078,
      "instructions_per_cycle": 2.994
    },
    {
      "variant": "branchless",
      "n": 10240,
      "iterations": 26016,
      "ns_per_op": {
        "median": 2.6262,
        "min": 2.621,
        "p99": 2.6312,
        "iqr": 0.003433
      },
      "ops_per_sec": 380784019,
      "branch_misses_per_op": 0.0008,
      "instructions_per_cycle": 3.166
    },
    {
      "variant": "branchless",
      "n": 102400,
      "iterations": 8102,
      "ns_per_op": {
        "median": 0.8433,
        "min": 0.8428,
        "p99": 0.8436,
        "iqr": 0.000369
      },
      "ops_per_sec": 1185937213,
      "branch_misses_per_op": 0.0001,
      "instructions_per_cycle": 3.189
    },
    {
      "variant": "branchless",
      "n": 1048576,
      "iterations": 1006,
      "ns_per_op": {
        "median": 0.6632,
        "min": 0.6631,
        "p99": 0.6634,
        "iqr": 0.000108
      },
      "ops_per_sec": 1507886593,
      "branch_misses_per_op": 0.0,
      "instructions_per_cycle": 3.19
    },
    {
      "variant": "branchless",
      "n": 10485760,
      "iterations": 100,
      "ns_per_op": {
        "median": 0.6776,
        "min": 0.6703,
        "p99": 0.6912,
        "iqr": 0.0017
      },
      "ops_per_sec": 1475895809,
      "branch_misses_per_op": 0.0,
      "instructions_per_cycle": 3.042
    },
    {
      "variant": "branchless",
      "n": 33554432,
      "iterations": 31,
      "ns_per_op": {
        "median": 0.6762,
        "min": 0.671,
        "p99": 0.6873,
        "iqr": 0.002734
      },
      "ops_per_sec": 1479040051,
      "branch_misses_per_op": 0.0,
      "instructions_per_cycle": 3.039
    },
    {
      "variant": "sorted",
      "n": 1024,
      "iterations": 34537,
      "ns_per_op": {
        "median": 19.8875,
        "min": 19.7056,
        "p99": 19.9711,
        "iqr": 0.065309
      },
      "ops_per_sec": 50306285,
      "branch_misses_per_op": 0.0088,
      "instructions_per_cycle": 2.896
    },
    {
      "variant": "sorted",
      "n": 10240,
      "iterations": 27870,
      "ns_per_op": {
        "median": 2.4524,
        "min": 2.4479,
        "p99": 2.4557,
        "iqr": 0.002613
      },
      "ops_per_sec": 407875701,
      "branch_misses_per_op": 0.0009,
      "instructions_per_cycle": 3.21
    },
    {
      "variant": "sorted",
      "n": 102400,
      "iterations": 9637,
      "ns_per_op": {
        "median": 0.7133,
        "min": 0.7112,
        "p99": 0.7142,
        "iqr": 0.001287
      },
      "ops_per_sec": 1401958714,
      "branch_misses_per_op": 0.0001,
      "instructions_per_cycle": 3.249
    },
    {
      "variant": "sorted",
      "n": 1048576,
      "iterations": 1272,
      "ns_per_op": {
        "median": 0.5253,
        "min": 0.5239,
        "p99": 0.5274,
        "iqr": 0.000926
      },
      "ops_per_sec": 1904212876,
      "branch_misses_per_op": 0.0,
      "instructions_per_cycle": 3.303
    },
    {
      "variant": "sorted",
      "n": 10485760,
      "iterations": 125,
      "ns_per_op": {
        "median": 0.5555,
        "min": 0.5359,
        "p99": 0.5716,
        "iqr": 0.010498
      },
      "ops_per_sec": 1801114981,
      "branch_misses_per_op": 0.0,
      "instructions_per_cycle": 3.023
    },
    {
      "variant": "sorted",
      "n": 33554432,
      "iterations": 38,
      "ns_per_op": {
        "median": 0.5528,
        "min": 0.5382,
        "p99": 0.5704,
        "iqr": 0.009365
      },
      "ops_per_sec": 1809653839,
      "branch_misses_per_op": 0.0,
      "instructions_per_cycle": 3.024
    },
    {
      "variant": "unsorted",
      "n": 1024,
      "iterations": 32888,
      "ns_per_op": {
        "median": 20.7861,
        "min": 20.7176,
        "p99": 20.8269,
        "iqr": 0.03159
      },
      "ops_per_sec": 48110999,
      "branch_misses_per_op": 0.0127,
      "instructions_per_cycle": 1.612
    },
    {
      "variant": "unsorted",
      "n": 10240,
      "iterations": 14581,
      "ns_per_op": {
        "median": 4.6736,
        "min": 4.6618,
        "p99": 4.68,
        "iqr": 0.006181
      },
      "ops_per_sec": 213990295,
      "branch_misses_per_op": 0.3028,
      "instructions_per_cycle": 0.626
    },
    {
      "variant": "unsorted",
      "n": 102400,
      "iterations": 1736,
      "ns_per_op": {
        "median": 3.925,
        "min": 3.9192,
        "p99": 3.9399,
        "iqr": 0.006277
      },
      "ops_per_sec": 254796601,
      "branch_misses_per_op": 0.4976,
      "instructions_per_cycle": 0.449
    },
    {
      "variant": "unsorted",
      "n": 1048576,
      "iterations": 176,
      "ns_per_op": {
        "median": 3.7672,
        "min": 3.7578,
        "p99": 3.8017,
        "iqr": 0.032541
      },
      "ops_per_sec": 265462548,
      "branch_misses_per_op": 0.5005,
      "instructions_per_cycle": 0.445
    },
    {
      "variant": "unsorted",
      "n": 10485760,
      "iterations": 18,
      "ns_per_op": {
        "median": 3.7116,
        "min": 3.685,
        "p99": 3.7321,
        "iqr": 0.023559
      },
      "ops_per_sec": 269708593,
      "branch_misses_per_op": 0.5,
      "instructions_per_cycle": 0.45
    },
    {
      "variant": "unsorted",
      "n": 33554432,
      "iterations": 6,
      "ns_per_op": {
        "median": 3.6898,
        "min": 3.6815,
        "p99": 3.697,
        "iqr": 0.00962
      },
      "ops_per_sec": 271105553,
      "branch_misses_per_op": 0.5,
      "instructions_per_cycle": 0.452
    }
  ],
  "notes": "Branch predictor learns sorted patterns; unsorted forces ~50% mispredicts.",
  "sort_cost_32m": {
    "ns_per_op": 31.0881,
    "wall_seconds": 1.043,
    "iterations": 3
  }
}